time,workday_2020-11-10_知春路_EW_secid9,workday_2020-11-10_知春路_WE_secid1,workday_2020-11-10_中关村大街_NS_secid5,workday_2020-11-10_中关村大街_SN_secid6,workday_2020-11-10_中关村大街_NS_secid6,workday_2020-11-10_中关村大街_SN_secid5,weekend_2020-11-14_知春路_EW_secid9,weekend_2020-11-14_知春路_WE_secid1,weekend_2020-11-14_中关村大街_NS_secid5,weekend_2020-11-14_中关村大街_SN_secid6,weekend_2020-11-14_中关村大街_NS_secid6,weekend_2020-11-14_中关村大街_SN_secid5
00:00,33,49,47,34,33,45,30,28,32,34,28,29
00:01,33,45,47,34,33,45,30,36,36,43,38,50
00:02,36,40,47,31,43,45,31,45,29,43,28,50
00:03,32,32,47,31,43,45,49,40,29,52,47,50
00:04,33,32,47,31,43,45,37,25,34,52,47,45
00:05,39,32,44,40,43,42,30,38,29,42,47,27
00:06,39,32,45,40,43,42,34,40,29,34,28,50
00:07,39,32,47,40,43,42,49,40,31,36,28,32
00:08,39,32,47,40,43,46,49,33,31,36,28,30
00:09,39,40,35,40,40,39,49,33,33,36,28,52
00:10,39,26,36,40,36,39,49,37,33,36,28,28
00:11,39,38,44,40,68,39,49,30,30,36,32,40
00:12,39,35,37,40,39,39,49,40,35,28,31,40
00:13,39,28,37,40,41,27,49,40,35,26,39,40
00:14,39,40,43,40,41,27,21,89,36,36,45,40
00:15,36,49,39,34,32,39,33,89,35,34,38,40
00:16,36,42,35,34,38,29,33,89,34,34,33,29
00:17,30,42,35,36,38,49,37,28,34,31,36,29
00:18,30,42,34,36,35,41,37,40,28,43,43,29
00:19,30,42,34,36,47,41,37,38,47,34,39,49
00:20,30,42,34,36,47,41,26,38,31,36,36,43
00:21,35,38,34,36,43,49,26,40,39,43,58,33
00:22,35,33,33,36,40,39,26,30,42,36,79,43
00:23,35,49,43,36,25,39,26,25,47,36,47,37
00:24,35,24,34,36,39,39,26,40,47,36,38,53
00:25,35,24,44,36,54,39,26,33,47,47,38,44
00:26,35,42,45,36,43,39,26,29,39,47,26,44
00:27,35,32,35,36,39,39,26,29,61,47,35,46
00:28,35,32,29,36,29,32,49,30,61,47,26,45
00:29,25,25,29,36,43,49,49,26,45,47,26,28
00:30,25,24,29,36,28,43,49,24,31,28,33,28
00:31,25,24,29,36,28,40,49,32,31,28,38,28
00:32,40,39,35,43,28,50,49,31,47,28,26,29
00:33,23,38,29,31,33,38,34,31,47,28,36,27
00:34,23,27,47,31,28,47,41,31,65,28,36,32
00:35,37,37,47,31,28,47,21,31,33,28,35,32
00:36,37,20,29,31,28,47,21,42,33,28,59,32
00:37,37,32,28,31,29,45,21,42,44,28,59,32
00:38,21,37,45,31,26,52,22,42,65,28,32,32
00:39,21,49,27,29,38,35,36,42,65,44,28,27
00:40,21,49,45,29,38,46,30,51,43,44,31,27
00:41,21,49,45,43,38,34,30,51,35,29,31,31
00:42,21,49,45,39,38,38,32,40,30,43,43,39
00:43,21,50,30,39,38,48,36,47,30,34,38,39
00:44,21,50,33,39,33,48,36,34,43,34,28,39
00:45,21,50,33,39,47,48,39,49,29,34,26,45
00:46,21,50,33,39,47,43,26,34,29,34,26,45
00:47,21,50,33,39,47,27,26,87,29,34,29,45
00:48,21,50,29,39,47,27,26,87,29,34,29,45
00:49,21,50,29,39,47,45,26,87,29,34,29,45
00:50,21,50,33,39,28,45,26,87,32,34,38,45
00:51,21,50,36,39,39,45,26,38,39,34,38,45
00:52,21,30,36,39,39,43,26,41,33,34,38,80
00:53,21,33,36,59,39,52,26,41,45,43,43,43
00:54,44,24,36,43,39,52,26,41,28,43,58,42
00:55,44,24,36,43,39,52,26,51,29,43,49,42
00:56,44,24,36,43,39,52,26,40,33,43,39,29
00:57,44,24,25,43,39,52,26,38,32,42,44,43
00:58,44,24,28,43,39,52,26,38,33,31,44,43
00:59,44,24,59,43,39,52,26,33,29,31,31,43
01:00,44,24,59,43,39,52,26,33,29,31,31,43
01:01,44,24,59,43,39,52,24,33,29,29,31,43
01:02,44,41,40,43,39,52,24,23,29,29,31,40
01:03,44,26,40,43,43,52,24,35,25,29,31,40
01:04,44,39,40,43,43,52,24,38,26,29,28,40
01:05,39,39,29,43,43,52,24,24,47,29,38,40
01:06,39,39,65,43,37,52,24,48,47,29,38,40
01:07,30,39,50,43,37,52,37,36,47,29,38,40
01:08,30,39,47,43,46,52,37,36,45,29,51,40
01:09,30,39,33,34,46,52,37,36,45,36,36,40
01:10,30,24,47,33,46,37,37,20,45,36,36,50
01:11,30,24,47,42,38,37,37,20,45,36,36,35
01:12,30,24,43,42,38,37,36,20,45,36,36,29
01:13,30,24,43,42,38,37,37,20,41,28,35,30
01:14,30,24,29,42,28,37,37,41,29,28,28,39
01:15,44,28,29,42,28,37,37,48,44,28,28,27
01:16,44,28,29,42,28,37,37,48,31,26,28,25
01:17,44,28,80,42,72,37,37,48,33,26,31,29
01:18,44,28,28,42,72,37,37,35,45,26,31,47
01:19,44,28,29,42,28,37,37,34,45,43,32,43
01:20,44,28,44,42,31,37,37,20,22,42,36,30
01:21,44,27,44,44,31,35,37,20,22,42,36,51
01:22,44,25,29,44,32,35,37,20,37,26,31,26
01:23,44,40,65,44,39,35,37,20,37,26,38,28
01:24,44,40,65,44,39,35,37,20,37,26,38,28
01:25,44,40,65,44,39,35,37,20,32,31,31,31
01:26,44,35,45,44,39,73,37,20,32,31,41,31
01:27,44,35,44,44,43,50,37,20,27,31,41,31
01:28,44,35,65,39,43,39,37,80,50,31,46,104
01:29,49,35,40,43,43,43,37,56,44,31,117,73
01:30,49,35,42,43,43,27,37,32,31,31,43,35
01:31,49,45,34,43,38,31,52,31,31,36,47,35
01:32,39,45,34,34,49,31,30,29,30,52,47,81
01:33,37,45,34,52,43,31,30,45,33,52,25,81
01:34,37,20,28,52,39,31,30,31,39,52,43,81
01:35,37,45,65,52,45,43,30,41,31,43,29,28
01:36,37,40,65,31,45,30,30,25,32,59,35,51
01:37,37,29,65,42,45,45,37,40,32,59,35,51
01:38,36,29,44,42,47,46,49,40,32,59,35,47
01:39,36,29,44,42,43,28,44,31,28,59,35,40
01:40,36,29,34,43,30,26,39,30,28,59,37,40
01:41,36,29,34,43,26,26,25,31,28,59,33,40
01:42,36,29,33,43,33,26,30,38,32,59,26,40
01:43,36,29,33,43,26,26,30,38,69,59,62,40
01:44,36,29,44,43,26,26,30,38,69,59,62,40
01:45,36,29,45,43,32,26,30,38,69,59,62,40
01:46,36,29,45,43,26,26,30,21,69,59,62,40
01:47,36,29,31,43,26,26,30,35,45,44,62,40
01:48,36,29,31,43,26,26,32,35,30,44,28,45
01:49,36,29,29,43,28,26,36,32,34,44,41,28
01:50,36,29,29,43,28,26,36,24,34,44,43,47
01:51,36,29,34,43,33,26,36,24,34,34,43,41
01:52,36,29,34,43,33,26,36,41,34,43,43,40
01:53,36,29,34,43,33,26,36,41,34,43,43,40
01:54,36,29,34,52,33,48,36,39,34,43,43,40
01:55,36,29,34,52,33,48,36,37,34,43,43,40
01:56,36,29,44,52,33,43,36,38,34,43,43,40
01:57,36,32,47,67,42,56,36,38,34,43,43,40
01:58,36,32,47,67,38,56,36,49,45,43,43,40
01:59,36,32,47,67,38,56,36,49,45,43,43,40
02:00,29,32,39,36,40,39,36,49,36,43,48,40
02:01,23,32,39,31,55,39,36,29,32,43,48,40
02:02,37,32,39,31,55,39,36,30,32,43,48,32
02:03,37,32,39,31,55,39,36,31,32,43,42,32
02:04,37,36,39,31,55,39,36,38,45,43,36,32
02:05,37,35,39,31,55,39,36,49,45,47,36,43
02:06,37,31,44,31,55,39,36,49,32,47,33,43
02:07,37,31,42,31,55,43,36,49,32,47,33,43
02:08,28,24,42,36,23,29,24,49,29,47,31,43
02:09,28,29,42,43,43,52,31,29,29,47,29,43
02:10,28,29,42,44,43,44,31,31,29,47,29,43
02:11,28,29,42,44,43,44,30,23,29,47,28,43
02:12,28,29,42,44,43,44,30,39,29,47,28,43
02:13,28,29,26,44,43,40,30,39,29,47,28,43
02:14,28,29,47,43,42,39,30,39,45,47,43,43
02:15,28,29,47,52,35,52,30,39,45,47,38,43
02:16,28,29,47,52,35,52,30,39,25,47,44,43
02:17,28,29,35,52,35,52,30,39,45,47,42,45
02:18,28,26,45,52,35,52,30,40,65,47,43,39
02:19,28,48,32,52,35,52,30,29,44,47,43,49
02:20,28,40,65,52,35,52,30,38,32,26,33,53
02:21,28,32,65,52,49,52,30,38,32,26,43,49
02:22,28,32,44,52,49,52,30,38,32,26,28,81
02:23,28,49,47,52,43,52,30,29,32,36,28,54
02:24,28,49,39,52,32,52,30,49,32,59,28,50
02:25,28,49,39,52,32,52,30,24,32,59,28,50
02:26,28,49,39,52,32,52,30,24,32,31,28,43
02:27,28,49,39,52,38,52,30,24,32,36,28,43
02:28,28,43,39,52,38,34,30,31,32,36,28,43
02:29,28,38,39,52,43,34,33,38,32,36,28,43
02:30,28,38,39,52,43,34,37,49,32,36,42,43
02:31,37,38,39,52,43,34,21,49,28,36,55,43
02:32,37,38,39,52,43,34,21,49,35,36,46,43
02:33,37,38,39,52,43,34,21,49,35,36,38,43
02:34,39,38,39,52,43,34,21,49,35,36,38,43
02:35,30,38,39,52,28,34,21,49,32,36,33,43
02:36,30,40,39,52,43,34,21,49,74,36,72,49
02:37,30,26,39,52,26,34,21,49,74,36,72,56
02:38,30,38,39,52,26,34,21,40,74,36,72,52
02:39,30,49,29,52,26,34,21,40,74,36,72,43
02:40,30,28,26,52,26,34,21,40,74,36,72,43
02:41,30,31,47,52,41,37,21,40,74,36,72,43
02:42,30,20,47,44,41,37,21,40,74,36,72,43
02:43,30,55,47,44,41,37,21,25,45,36,42,43
02:44,30,55,47,44,41,37,21,25,45,36,31,32
02:45,30,55,25,44,41,37,31,34,45,36,31,32
02:46,32,55,27,44,41,37,37,36,45,36,31,32
02:47,38,55,47,44,41,37,37,40,41,36,31,40
02:48,38,55,47,44,41,37,37,39,45,36,31,44
02:49,38,55,47,44,41,37,37,24,47,43,26,39
02:50,38,55,47,44,41,37,37,26,65,43,32,39
02:51,38,30,47,44,41,37,37,37,32,52,32,39
02:52,38,29,44,44,41,37,37,30,45,52,47,39
02:53,38,27,29,44,28,37,37,30,45,52,27,39
02:54,38,27,29,44,28,37,37,30,45,52,27,39
02:55,38,27,29,44,28,37,37,30,45,52,27,39
02:56,38,24,31,44,28,37,37,30,45,52,27,39
02:57,38,24,31,44,28,37,37,30,45,52,27,39
02:58,38,24,47,44,47,37,39,30,45,52,27,39
02:59,38,24,47,44,33,37,49,30,45,52,27,39
03:00,38,24,47,44,33,37,37,38,45,52,27,39
03:01,38,24,47,44,33,37,37,32,45,36,27,32
03:02,38,24,47,44,33,30,49,40,33,36,27,50
03:03,38,24,47,44,33,30,49,40,30,34,27,50
03:04,39,24,47,43,33,52,49,38,29,34,36,64
03:05,39,24,47,31,33,52,49,35,35,34,36,35
03:06,30,24,47,31,31,52,49,45,65,31,36,52
03:07,30,24,47,31,31,52,49,45,65,36,36,52
03:08,30,24,47,31,31,52,49,45,65,36,36,52
03:09,30,24,34,38,31,52,49,45,65,36,36,52
03:10,30,40,34,38,31,52,49,45,65,36,36,52
03:11,47,20,34,38,31,52,46,45,65,47,36,52
03:12,37,28,34,38,36,52,46,45,65,47,36,52
03:13,37,39,34,38,36,52,46,21,45,47,36,52
03:14,44,39,34,43,36,52,46,31,33,47,36,52
03:15,44,39,34,43,36,52,46,31,33,47,25,52
03:16,44,39,34,43,36,52,46,21,33,47,41,52
03:17,44,35,34,43,36,52,46,42,33,47,41,52
03:18,44,30,34,43,36,52,46,49,33,47,41,52
03:19,44,30,34,43,36,52,46,49,33,43,41,41
03:20,44,30,34,43,36,52,46,45,45,43,41,41
03:21,44,30,34,43,36,52,46,40,26,43,41,41
03:22,44,30,34,43,36,52,46,28,41,43,43,41
03:23,44,30,34,43,36,52,46,22,41,43,43,41
03:24,44,30,34,43,36,52,46,22,41,43,43,41
03:25,25,30,34,43,36,52,46,22,41,43,43,41
03:26,39,30,34,43,36,52,46,22,45,43,43,41
03:27,30,30,34,43,36,52,46,22,45,43,43,41
03:28,30,30,34,43,36,52,46,22,45,43,43,41
03:29,30,40,28,28,36,52,46,35,45,43,28,41
03:30,30,40,28,28,36,52,46,34,45,43,28,41
03:31,41,38,34,28,37,52,46,34,45,43,28,41
03:32,37,38,34,28,45,52,46,34,45,43,26,41
03:33,39,38,34,28,45,52,46,34,45,43,43,41
03:34,39,38,34,44,45,52,46,34,45,43,43,41
03:35,39,38,34,44,45,52,46,34,45,43,43,62
03:36,39,38,34,44,45,52,46,34,45,43,62,43
03:37,39,38,34,44,45,52,46,34,31,43,62,43
03:38,39,38,34,44,45,52,46,34,47,43,62,43
03:39,39,38,34,44,45,52,46,34,32,43,28,43
03:40,40,38,34,44,45,52,27,34,32,43,28,43
03:41,25,24,47,44,45,52,37,34,34,43,38,43
03:42,25,21,29,42,26,52,37,40,32,43,38,43
03:43,32,21,28,31,26,52,37,42,32,43,38,43
03:44,38,21,28,31,28,52,37,32,32,43,38,43
03:45,36,21,32,31,28,52,37,32,32,43,47,43
03:46,36,21,32,31,28,52,37,32,32,43,47,27
03:47,36,38,32,31,28,52,37,32,32,43,47,27
03:48,36,38,32,31,28,52,37,32,32,31,47,33
03:49,36,38,32,31,28,52,37,32,32,31,47,38
03:50,36,38,32,31,28,52,37,36,32,31,47,38
03:51,36,38,32,31,28,52,37,36,32,31,47,38
03:52,36,38,32,31,28,52,37,36,32,31,47,56
03:53,36,38,32,31,28,52,36,36,32,29,62,59
03:54,36,38,32,31,28,52,36,36,32,29,62,59
03:55,36,38,47,31,28,52,36,36,32,29,62,59
03:56,36,38,47,31,28,52,36,36,32,29,62,59
03:57,36,38,47,31,28,52,36,36,32,29,62,59
03:58,36,38,47,31,28,52,36,36,32,29,62,59
03:59,36,38,47,31,28,52,36,36,32,29,62,59
04:00,36,38,47,31,28,52,36,40,32,29,62,59
04:01,36,38,47,31,28,52,36,40,32,29,62,59
04:02,36,38,47,31,28,52,36,40,32,34,62,59
04:03,36,38,47,31,28,52,36,40,46,34,62,59
04:04,36,38,47,31,28,52,36,40,26,34,62,59
04:05,36,38,26,31,45,52,58,40,40,34,43,59
04:06,36,38,26,31,45,52,58,40,42,34,43,59
04:07,36,38,26,31,45,52,37,40,42,34,33,59
04:08,36,38,26,31,28,52,37,40,42,34,26,59
04:09,36,38,26,31,28,52,37,40,42,34,26,28
04:10,36,38,44,31,28,52,37,40,42,34,26,28
04:11,36,38,47,31,28,52,37,40,42,34,26,56
04:12,36,40,65,31,28,52,37,40,42,34,26,43
04:13,36,29,65,31,28,52,37,40,42,34,26,40
04:14,36,31,65,31,28,52,37,40,42,34,26,29
04:15,36,31,65,31,28,52,35,30,42,34,26,29
04:16,36,31,65,31,28,52,39,38,42,34,26,29
04:17,36,31,65,31,28,52,39,38,42,34,26,29
04:18,36,31,65,31,28,52,39,49,42,59,26,52
04:19,36,31,65,31,28,52,39,49,42,59,26,52
04:20,36,31,28,31,28,52,39,49,42,59,26,52
04:21,36,31,28,31,28,52,39,49,42,59,26,52
04:22,36,31,28,31,28,52,39,49,42,59,26,52
04:23,36,31,32,31,28,52,39,49,42,59,26,52
04:24,36,31,32,31,28,52,39,49,42,59,26,52
04:25,36,31,32,31,28,52,39,49,42,59,26,52
04:26,36,31,32,31,28,52,39,49,42,59,26,52
04:27,36,31,32,31,28,52,39,49,42,59,26,52
04:28,36,31,32,31,28,52,39,49,42,59,26,52
04:29,36,31,32,31,28,52,39,49,45,59,26,52
04:30,36,31,32,31,28,52,39,49,34,59,26,34
04:31,36,31,32,31,28,52,39,40,34,52,26,48
04:32,36,31,32,31,28,52,39,32,33,52,31,48
04:33,36,31,32,31,28,52,39,39,33,52,31,48
04:34,36,31,32,31,28,52,39,32,33,52,31,48
04:35,36,31,32,31,28,52,39,40,33,52,31,48
04:36,36,38,32,31,28,52,39,32,38,52,31,48
04:37,36,38,32,31,28,52,39,32,65,52,47,48
04:38,36,38,32,31,28,52,39,32,65,52,79,48
04:39,44,38,32,31,45,52,39,32,65,80,79,48
04:40,44,38,32,31,43,52,39,32,65,80,79,48
04:41,44,38,32,31,43,52,39,32,65,80,79,48
04:42,44,38,44,31,43,52,39,32,65,80,79,48
04:43,44,38,39,31,41,52,39,32,65,80,79,81
04:44,44,38,39,31,41,28,39,32,65,34,79,40
04:45,44,38,39,31,41,28,39,32,65,34,79,25
04:46,44,38,39,31,41,28,39,32,45,43,79,29
04:47,44,38,39,31,41,28,39,46,45,43,79,29
04:48,44,32,39,31,41,28,39,46,45,43,79,29
04:49,44,32,39,31,32,35,39,46,45,43,79,29
04:50,44,32,39,36,48,37,39,46,45,43,79,29
04:51,44,32,39,36,48,37,39,46,45,43,79,29
04:52,44,32,39,36,48,37,39,46,32,43,33,29
04:53,44,32,39,36,48,37,29,46,32,28,33,29
04:54,44,32,39,36,48,37,29,46,32,28,33,29
04:55,44,32,39,36,48,37,29,46,37,28,41,29
04:56,44,32,39,36,48,37,29,46,41,28,41,29
04:57,44,45,39,36,48,37,29,46,41,28,41,29
04:58,44,45,39,36,48,37,29,46,41,28,41,29
04:59,44,49,39,36,48,37,29,20,41,28,41,59
05:00,39,49,39,36,48,37,29,20,41,28,41,56
05:01,39,49,39,36,48,37,22,22,35,34,41,39
05:02,39,49,39,36,48,37,22,30,28,34,41,39
05:03,39,49,39,36,48,37,22,45,28,34,41,39
05:04,39,49,39,36,48,37,22,45,34,34,38,34
05:05,36,49,39,36,48,37,22,24,34,34,33,34
05:06,30,49,39,36,26,37,22,32,34,34,33,34
05:07,30,49,39,36,26,37,22,32,45,34,48,34
05:08,30,49,39,36,26,45,22,32,45,34,48,34
05:09,30,49,39,36,26,46,22,32,45,34,48,34
05:10,30,49,39,34,26,39,22,32,45,34,48,34
05:11,30,31,39,34,26,39,22,42,45,34,48,34
05:12,30,22,39,34,26,45,22,49,37,34,48,34
05:13,30,32,34,34,43,45,22,49,37,34,48,34
05:14,21,32,34,34,43,32,22,49,37,34,48,34
05:15,29,32,34,59,43,41,22,49,37,34,48,34
05:16,29,40,34,59,43,50,22,49,37,34,48,34
05:17,26,25,34,59,43,52,22,49,37,34,48,45
05:18,30,26,34,59,43,52,22,50,37,34,48,45
05:19,32,32,34,59,43,52,22,50,37,34,48,45
05:20,21,32,34,59,43,52,22,50,37,34,48,45
05:21,21,32,34,59,43,52,22,50,52,34,48,45
05:22,21,32,34,59,43,52,22,50,52,34,48,45
05:23,21,32,34,59,43,52,22,50,45,34,48,45
05:24,21,32,34,59,43,52,22,50,32,34,36,32
05:25,21,32,34,43,43,52,22,38,32,34,36,28
05:26,21,32,34,43,43,52,22,49,32,34,36,28
05:27,21,32,34,43,43,52,22,24,32,36,36,38
05:28,21,32,34,43,43,52,22,24,32,34,36,38
05:29,21,32,34,43,43,52,22,24,32,34,36,38
05:30,21,32,34,43,43,52,22,24,52,34,43,38
05:31,21,32,34,43,43,46,22,24,52,34,43,38
05:32,21,32,34,43,43,46,22,24,52,34,43,38
05:33,21,32,34,43,43,30,22,24,52,34,43,38
05:34,21,32,34,26,43,26,22,24,52,34,43,38
05:35,21,32,34,26,43,26,22,24,52,34,43,38
05:36,21,32,34,26,43,26,22,24,52,34,43,38
05:37,21,32,34,26,43,26,22,24,52,34,43,38
05:38,21,32,34,26,43,26,22,24,52,34,43,38
05:39,21,32,34,26,43,26,22,24,52,34,43,38
05:40,21,32,34,26,43,26,22,24,52,34,43,38
05:41,21,32,34,26,43,40,22,24,52,34,43,38
05:42,21,32,34,28,43,26,22,24,52,34,43,38
05:43,21,32,34,28,43,26,22,24,52,34,43,38
05:44,21,32,34,28,43,26,22,24,52,34,43,38
05:45,21,32,34,28,43,26,22,24,52,34,43,38
05:46,21,32,34,28,43,26,22,24,52,34,43,38
05:47,21,32,34,28,43,26,22,24,52,34,43,38
05:48,21,32,34,28,33,26,22,24,52,34,43,38
05:49,21,32,34,28,33,26,22,24,52,34,43,38
05:50,21,32,34,28,33,26,22,24,52,34,43,38
05:51,21,32,44,28,33,26,22,24,52,34,43,38
05:52,37,32,44,28,42,26,22,24,52,34,43,38
05:53,21,32,32,31,31,37,22,24,52,34,26,38
05:54,21,32,32,31,31,37,22,24,52,34,26,38
05:55,50,32,32,31,31,37,22,24,52,34,26,38
05:56,21,32,45,31,43,37,22,24,52,34,26,38
05:57,21,32,45,31,43,37,22,24,52,34,26,38
05:58,21,32,45,31,43,37,22,24,52,34,26,38
05:59,21,32,34,34,43,37,22,24,52,34,26,38
06:00,21,32,34,34,43,37,22,24,52,34,26,38
06:01,21,32,34,34,43,37,22,24,52,34,26,38
06:02,21,32,34,34,43,37,22,24,52,34,26,38
06:03,21,32,21,34,43,37,22,24,52,34,26,38
06:04,21,32,21,34,43,47,22,24,52,34,26,38
06:05,21,32,23,34,26,27,22,24,52,34,26,38
06:06,21,32,23,34,26,14,22,32,52,34,26,38
06:07,21,32,23,34,26,14,22,49,33,34,26,38
06:08,21,32,23,34,26,14,22,49,35,34,26,38
06:09,21,32,23,34,26,14,22,22,35,34,26,38
06:10,21,32,26,34,26,14,22,22,35,34,26,38
06:11,21,32,26,34,26,14,22,22,35,34,26,38
06:12,21,32,26,34,72,14,22,32,35,34,26,38
06:13,21,32,26,34,72,14,22,32,35,34,26,38
06:14,21,32,26,34,72,14,22,32,35,34,26,38
06:15,21,32,26,34,72,27,22,32,35,34,26,38
06:16,21,32,26,34,72,10,22,32,35,34,26,38
06:17,21,32,26,47,72,50,22,32,35,34,26,38
06:18,21,20,26,47,72,50,22,32,35,24,26,38
06:19,21,15,26,47,72,50,22,32,35,67,26,38
06:20,36,15,26,47,72,50,22,32,35,67,26,38
06:21,36,15,26,47,72,50,22,32,35,67,26,38
06:22,36,15,26,47,72,50,22,32,29,67,26,38
06:23,36,15,28,28,72,50,22,32,16,67,26,38
06:24,33,15,28,28,72,50,22,32,16,67,26,38
06:25,30,15,28,28,72,38,22,45,16,67,26,45
06:26,19,54,28,31,72,37,22,37,16,67,26,45
06:27,31,54,28,31,72,37,22,32,16,67,26,45
06:28,31,49,28,31,72,37,22,32,16,67,26,45
06:29,31,14,28,31,72,37,22,32,16,67,26,45
06:30,31,14,22,31,72,27,22,32,16,67,26,45
06:31,31,10,32,31,26,9,22,32,16,67,26,45
06:32,46,10,32,31,26,14,22,32,16,67,26,28
06:33,23,10,32,31,5,14,22,32,16,67,26,28
06:34,23,10,32,31,5,14,22,32,5,67,26,28
06:35,23,40,45,12,5,14,22,32,23,23,26,35
06:36,23,40,28,12,23,38,22,32,23,23,26,35
06:37,23,40,23,36,23,39,22,32,29,36,26,28
06:38,23,40,23,36,18,39,22,48,29,36,26,37
06:39,39,40,23,36,5,39,22,5,29,36,26,20
06:40,39,40,29,36,29,35,22,16,29,36,26,31
06:41,39,40,29,36,33,35,22,32,29,36,18,31
06:42,39,40,19,36,33,35,22,32,29,36,18,31
06:43,39,40,25,36,37,35,22,40,29,52,18,50
06:44,39,20,27,36,27,35,22,55,65,52,18,27
06:45,39,37,34,36,27,28,22,55,65,52,18,51
06:46,39,35,35,36,35,25,12,55,55,5,54,49
06:47,39,35,18,36,20,24,12,55,55,5,40,49
06:48,39,35,18,36,22,29,12,55,55,5,40,26
06:49,39,35,6,36,17,39,12,55,40,5,21,15
06:50,39,51,6,47,26,39,44,10,33,5,26,36
06:51,39,31,6,47,6,26,44,35,33,5,26,37
06:52,39,22,22,28,21,27,44,7,33,34,26,35
06:53,39,33,26,33,9,34,36,27,33,34,26,29
06:54,39,32,16,33,16,27,20,33,33,34,26,11
06:55,16,32,18,34,23,27,20,33,34,34,36,53
06:56,23,20,18,31,14,25,20,24,34,34,36,53
06:57,23,44,28,31,25,28,20,32,34,34,36,53
06:58,39,44,12,31,16,27,20,32,34,34,36,53
06:59,39,20,17,34,26,34,18,32,34,34,13,53
07:00,39,40,21,34,19,35,18,13,55,34,63,53
07:01,39,31,21,12,31,35,18,13,55,34,20,41
07:02,39,33,20,5,9,20,18,13,34,34,20,37
07:03,37,35,24,24,5,14,18,13,34,31,43,27
07:04,17,48,5,24,7,23,18,13,34,34,38,27
07:05,19,20,16,25,11,25,18,31,32,34,38,27
07:06,19,6,16,25,9,40,21,23,24,34,38,18
07:07,19,36,20,25,5,50,32,34,16,34,38,5
07:08,18,35,21,12,10,25,35,36,16,34,38,20
07:09,58,62,34,8,11,31,33,36,16,36,33,35
07:10,20,28,27,8,15,28,33,36,16,31,33,31
07:11,21,29,14,22,10,22,33,39,16,31,25,35
07:12,25,18,20,22,6,20,33,32,29,31,41,25
07:13,49,38,20,22,5,26,11,19,29,31,29,25
07:14,32,21,12,31,33,29,26,20,29,39,29,30
07:15,12,21,14,34,17,16,37,32,29,39,29,11
07:16,7,20,14,27,11,20,37,45,29,39,29,28
07:17,7,20,14,27,15,16,18,32,29,39,20,28
07:18,5,31,19,27,17,14,18,32,24,39,23,28
07:19,15,33,15,27,7,11,18,32,24,39,20,28
07:20,19,33,7,27,40,14,18,32,28,39,20,32
07:21,36,33,12,29,28,10,18,20,27,25,28,25
07:22,49,33,12,44,8,5,36,13,29,31,28,16
07:23,49,33,15,50,5,5,33,46,35,31,5,10
07:24,15,5,12,59,15,36,21,21,27,31,33,10
07:25,7,28,12,59,7,9,33,52,27,31,33,26
07:26,7,26,12,59,6,9,22,22,27,31,29,22
07:27,7,31,17,59,12,22,26,22,27,31,29,27
07:28,7,77,9,59,10,16,21,11,27,31,29,8
07:29,7,77,12,48,5,11,21,11,39,31,40,13
07:30,30,77,8,48,21,5,21,11,39,43,49,35
07:31,30,77,6,20,14,18,21,11,39,43,49,35
07:32,30,40,8,22,58,10,21,11,39,43,49,28
07:33,30,32,12,31,23,14,26,40,31,36,49,40
07:34,17,20,22,36,23,16,33,35,31,36,49,23
07:35,17,28,41,43,23,5,33,49,23,36,49,30
07:36,36,28,21,43,35,5,33,49,33,34,49,22
07:37,36,32,24,43,24,12,37,49,33,34,49,22
07:38,36,32,24,43,5,19,49,49,23,34,49,22
07:39,36,32,5,43,5,8,49,36,24,23,49,16
07:40,36,32,17,24,28,15,49,36,24,23,49,21
07:41,37,32,21,24,5,12,49,36,36,22,20,25
07:42,30,15,33,31,5,22,33,32,33,34,20,37
07:43,32,15,23,21,23,26,33,20,33,34,20,23
07:44,20,17,51,16,21,27,21,46,25,34,20,40
07:45,16,35,17,34,21,27,21,38,32,47,33,40
07:46,21,19,18,34,36,31,18,38,25,47,33,35
07:47,21,20,25,34,33,31,17,38,26,34,28,18
07:48,10,20,28,34,31,15,17,25,21,29,36,32
07:49,36,20,28,34,43,15,26,10,25,25,31,28
07:50,36,5,40,34,58,32,36,34,29,31,30,28
07:51,36,32,40,34,58,32,36,34,26,36,33,33
07:52,36,17,27,26,36,35,7,34,21,14,22,15
07:53,36,20,27,26,36,35,21,30,29,22,25,26
07:54,37,37,29,36,36,28,22,39,17,28,38,32
07:55,37,37,29,36,36,47,23,39,29,28,21,10
07:56,37,37,27,39,27,47,18,39,20,31,43,19
07:57,30,37,27,39,29,47,19,20,14,31,43,19
07:58,33,17,32,36,28,47,31,34,17,34,43,30
07:59,42,33,21,34,26,30,46,42,15,24,5,28
08:00,42,34,33,34,26,14,22,29,15,34,25,35
08:01,25,34,33,34,26,36,23,28,45,27,43,22
08:02,25,24,23,11,43,35,25,6,26,36,17,40
08:03,25,16,23,11,43,33,25,24,26,26,17,16
08:04,27,14,33,31,43,40,28,25,19,26,17,28
08:05,36,14,23,31,23,37,28,10,22,28,26,21
08:06,36,14,23,22,41,29,8,5,47,16,26,33
08:07,36,14,23,33,41,24,25,26,51,31,26,23
08:08,23,22,23,52,41,58,25,40,34,25,26,58
08:09,23,23,16,34,26,21,21,35,34,31,26,26
08:10,24,20,30,31,24,22,29,34,26,31,28,31
08:11,36,23,28,36,27,22,30,15,37,59,30,30
08:12,21,21,24,36,31,28,17,22,51,33,38,32
08:13,18,47,24,36,17,29,17,41,14,21,36,7
08:14,39,48,22,34,33,32,12,22,24,31,38,29
08:15,39,13,22,22,33,31,39,5,11,31,60,40
08:16,39,35,35,36,33,26,29,5,21,31,38,31
08:17,28,24,21,36,41,28,32,19,32,43,33,33
08:18,28,25,12,24,41,21,37,18,11,22,5,25
08:19,28,37,34,24,41,24,33,18,35,47,5,37
08:20,27,34,14,31,41,35,5,20,8,28,24,7
08:21,27,9,23,22,26,23,19,28,13,16,33,7
08:22,27,24,20,22,38,29,41,39,9,36,35,30
08:23,27,24,26,22,33,38,49,20,19,59,35,28
08:24,27,24,23,22,35,38,20,18,18,24,35,19
08:25,27,24,28,22,39,31,38,32,6,31,36,34
08:26,27,31,31,22,39,31,38,18,33,59,29,41
08:27,27,31,31,22,39,31,33,26,13,59,33,24
08:28,27,31,29,22,39,31,16,23,11,36,48,29
08:29,27,33,43,22,36,59,28,16,8,36,23,18
08:30,49,30,34,59,38,45,25,12,10,29,33,30
08:31,24,30,24,21,26,16,33,25,19,34,26,32
08:32,24,7,5,21,21,35,27,38,13,24,15,30
08:33,29,20,20,26,43,34,23,28,16,28,5,20
08:34,29,20,20,17,28,26,9,22,16,43,5,20
08:35,25,36,29,12,28,22,34,29,16,50,31,28
08:36,33,5,6,12,29,27,37,28,5,31,35,22
08:37,19,19,22,34,34,41,34,46,17,25,22,26
08:38,19,22,22,19,21,31,16,34,13,26,9,24
08:39,27,22,22,27,24,24,21,25,18,16,29,21
08:40,19,10,24,27,24,33,19,22,31,21,28,32
08:41,37,25,16,38,24,22,19,20,16,31,31,33
08:42,21,63,28,38,23,22,37,30,5,47,22,33
08:43,21,63,29,38,32,25,37,30,25,47,28,29
08:44,32,34,28,38,33,37,37,25,20,26,26,21
08:45,17,30,22,31,18,40,8,36,25,28,26,32
08:46,22,30,22,31,25,29,18,20,26,25,43,22
08:47,29,32,14,16,27,26,18,23,29,11,24,43
08:48,49,37,45,8,31,40,10,28,21,11,24,28
08:49,30,23,30,28,28,26,22,23,8,11,23,28
08:50,30,21,31,24,32,22,19,8,5,20,25,30
08:51,30,20,33,24,5,28,19,25,11,20,8,23
08:52,30,49,20,24,24,18,22,31,13,26,23,22
08:53,13,26,7,26,24,19,18,21,5,22,28,32
08:54,46,31,7,16,26,20,17,30,12,12,26,33
08:55,30,34,7,15,31,14,30,35,7,25,33,24
08:56,30,42,27,21,29,21,16,28,17,21,26,32
08:57,17,38,25,43,24,43,12,40,17,28,33,33
08:58,25,25,25,33,38,43,14,21,6,36,41,48
08:59,25,9,28,52,33,50,20,30,18,20,26,22
09:00,30,27,30,31,33,26,32,20,10,34,22,24
09:01,37,27,17,67,16,28,32,24,15,34,41,28
09:02,23,30,24,31,28,31,25,21,10,24,32,27
09:03,23,13,22,26,51,26,25,20,19,24,23,15
09:04,23,35,15,40,49,33,31,29,6,5,31,15
09:05,23,22,21,36,49,28,31,20,11,27,20,15
09:06,27,27,21,36,49,38,31,35,21,27,33,28
09:07,16,26,17,22,29,35,39,12,18,27,39,27
09:08,25,30,17,31,26,18,39,22,18,24,39,29
09:09,34,16,41,36,41,34,25,28,30,36,32,29
09:10,56,29,20,33,51,24,25,27,17,36,25,19
09:11,37,15,33,28,43,36,29,14,9,36,25,19
09:12,31,23,25,36,31,29,29,21,28,34,13,37
09:13,36,31,27,22,24,27,21,29,18,56,22,20
09:14,33,40,27,34,23,14,19,48,20,56,33,35
09:15,37,24,20,39,28,31,21,14,17,36,38,31
09:16,37,37,32,43,18,29,31,22,17,36,21,31
09:17,19,41,22,19,43,25,23,28,22,24,23,28
09:18,21,44,28,24,38,29,30,28,18,24,27,23
09:19,21,32,39,20,38,28,20,23,22,26,24,33
09:20,21,17,22,20,38,18,31,21,24,31,28,17
09:21,36,33,25,34,36,37,36,46,33,28,26,23
09:22,30,28,29,31,36,31,36,26,24,9,29,34
09:23,36,33,25,36,36,31,30,41,24,27,31,43
09:24,28,18,20,28,41,20,49,31,9,36,41,34
09:25,28,30,39,36,5,37,19,36,14,36,41,33
09:26,23,47,24,36,5,23,19,38,45,36,41,26
09:27,36,23,20,34,35,32,37,18,50,29,27,38
09:28,36,34,22,21,27,10,27,36,30,31,26,33
09:29,24,31,25,17,14,28,36,38,20,31,26,29
09:30,30,40,29,22,36,26,36,42,24,24,32,24
09:31,12,20,25,14,32,19,36,40,20,17,25,21
09:32,19,34,23,26,21,31,20,27,24,27,25,36
09:33,20,43,23,31,31,16,26,42,19,6,33,36
09:34,28,20,26,31,29,24,28,25,16,15,26,22
09:35,28,33,24,24,23,31,28,38,20,20,26,36
09:36,5,32,22,47,47,31,28,22,19,20,23,24
09:37,23,33,22,36,47,38,36,25,23,26,36,10
09:38,22,28,18,34,29,33,10,32,33,36,31,25
09:39,35,32,40,39,17,27,28,30,26,36,51,29
09:40,28,27,35,39,17,26,25,24,21,36,35,36
09:41,29,33,19,52,35,26,33,17,15,26,36,40
09:42,16,32,27,34,25,37,37,30,15,29,36,28
09:43,21,35,26,43,17,38,23,26,7,34,38,31
09:44,21,35,40,79,41,28,23,24,22,29,16,31
09:45,35,34,16,79,33,29,46,12,22,26,41,28
09:46,21,33,19,21,39,23,13,8,32,26,41,23
09:47,37,22,23,59,26,33,22,29,34,14,41,21
09:48,22,30,13,36,5,23,14,35,11,21,41,40
09:49,15,19,18,42,28,32,38,26,5,36,41,22
09:50,37,30,34,31,35,37,27,26,22,34,36,39
09:51,27,47,59,28,35,30,9,40,47,21,39,32
09:52,27,42,25,29,35,25,24,14,47,22,39,21
09:53,21,25,28,29,38,29,24,21,24,26,23,31
09:54,28,43,15,28,31,26,12,22,11,38,25,38
09:55,25,13,30,15,30,32,24,36,28,38,46,23
09:56,28,32,29,34,20,32,23,25,22,31,36,29
09:57,38,37,13,36,26,33,18,32,27,24,28,21
09:58,25,30,22,29,41,33,39,25,22,36,23,25
09:59,18,20,25,34,32,31,39,11,9,31,30,9
10:00,34,31,10,50,28,24,39,21,27,31,28,28
10:01,22,26,27,43,31,40,41,35,29,31,18,28
10:02,22,22,23,34,33,34,28,22,21,24,23,19
10:03,36,31,23,26,23,32,27,13,30,34,62,26
10:04,26,23,15,36,43,32,28,6,31,34,62,28
10:05,29,27,14,36,24,28,30,26,21,15,30,24
10:06,43,35,20,28,41,28,24,21,18,17,32,32
10:07,23,22,30,29,28,25,35,34,25,17,53,28
10:08,23,24,21,42,27,29,31,14,12,31,38,31
10:09,27,31,37,22,41,31,36,14,27,24,41,29
10:10,19,12,37,28,30,37,11,17,25,24,29,31
10:11,19,37,47,26,26,48,21,17,29,24,39,35
10:12,25,39,22,26,23,12,10,20,21,25,29,27
10:13,56,5,19,25,36,25,10,20,20,24,22,21
10:14,35,23,31,22,58,29,22,23,7,16,23,21
10:15,29,28,32,22,36,32,25,15,5,22,14,17
10:16,31,17,18,34,35,36,30,6,19,34,27,27
10:17,32,27,13,31,41,35,28,32,29,43,27,42
10:18,28,29,8,27,16,22,18,13,19,43,23,13
10:19,28,20,31,34,38,36,16,27,21,24,38,31
10:20,35,67,14,31,28,31,26,34,94,34,17,24
10:21,17,23,16,22,23,29,57,31,29,20,46,23
10:22,36,20,24,29,29,44,57,36,34,34,36,23
10:23,31,35,21,31,35,32,16,36,18,34,36,17
10:24,34,38,7,31,33,29,28,36,15,28,36,28
10:25,28,23,19,31,31,31,28,34,39,29,36,32
10:26,24,30,18,22,41,30,26,34,19,29,28,22
10:27,30,25,15,24,31,28,26,22,13,24,27,32
10:28,33,18,13,34,28,38,26,48,21,24,27,48
10:29,19,22,15,34,26,26,25,35,21,25,27,29
10:30,30,27,11,34,39,26,33,15,10,24,43,25
10:31,46,27,19,52,26,43,33,20,20,39,43,31
10:32,71,25,15,22,7,30,27,48,65,24,43,24
10:33,37,24,18,29,39,29,33,29,41,26,34,36
10:34,27,47,13,26,28,28,36,20,24,34,17,21
10:35,12,26,18,28,38,31,36,16,24,34,25,22
10:36,34,28,19,34,31,24,36,24,24,34,23,22
10:37,49,17,14,34,38,33,36,16,27,34,41,34
10:38,31,26,14,17,32,32,36,29,30,31,39,22
10:39,36,25,12,24,35,26,13,28,24,31,39,29
10:40,34,30,12,31,72,26,13,49,12,52,30,48
10:41,41,33,14,31,41,37,19,32,20,34,33,38
10:42,41,34,17,36,36,32,19,46,33,34,33,26
10:43,35,23,18,31,32,27,41,46,34,25,51,26
10:44,19,38,12,31,48,27,18,49,18,21,16,27
10:45,28,25,23,29,39,30,18,37,40,31,62,26
10:46,27,26,11,34,41,33,33,42,35,24,36,6
10:47,36,39,16,31,54,28,33,42,25,20,33,28
10:48,26,29,6,28,31,31,37,42,28,39,33,18
10:49,26,27,6,28,35,27,18,42,20,20,38,17
10:50,46,38,11,28,30,22,18,20,23,22,38,25
10:51,36,26,10,28,30,31,18,38,28,5,38,20
10:52,32,34,10,28,25,29,18,43,21,17,23,20
10:53,33,39,6,47,30,30,18,29,26,34,38,35
10:54,29,29,8,47,24,30,18,33,21,34,33,35
10:55,34,5,19,24,22,27,46,48,16,17,33,29
10:56,29,34,18,36,26,26,36,21,25,28,33,29
10:57,26,5,15,25,58,44,36,30,24,13,24,19
10:58,26,36,13,47,38,50,25,46,19,24,24,28
10:59,30,24,11,31,22,39,17,46,25,17,28,18
11:00,30,23,17,31,33,39,19,46,27,39,28,29
11:01,32,34,21,31,58,29,37,31,27,52,33,30
11:02,20,32,34,36,48,29,27,34,29,26,29,22
11:03,33,27,13,52,32,26,26,31,33,26,32,31
11:04,23,42,14,31,28,27,36,30,19,26,39,30
11:05,36,27,21,31,36,20,36,19,29,36,28,32
11:06,36,30,18,67,41,52,25,20,16,43,39,26
11:07,30,31,17,21,28,23,12,22,29,43,24,17
11:08,34,15,15,31,27,45,36,22,30,36,41,32
11:09,37,6,20,36,27,38,21,9,7,29,39,32
11:10,24,26,15,34,23,33,18,10,7,16,28,34
11:11,21,42,16,19,41,28,20,7,7,16,34,31
11:12,26,31,17,19,23,28,19,23,34,34,30,44
11:13,29,34,31,19,23,27,19,20,37,21,30,27
11:14,29,21,25,36,32,38,27,32,22,20,30,29
11:15,17,21,17,36,28,29,14,20,27,31,36,31
11:16,31,29,25,34,33,31,32,20,27,20,36,39
11:17,33,38,19,21,27,25,36,25,23,20,38,31
11:18,33,30,19,34,26,31,43,51,20,31,26,21
11:19,21,27,30,28,5,33,43,36,21,31,30,31
11:20,21,43,23,28,38,28,11,33,8,31,30,26
11:21,22,20,26,31,25,28,12,8,14,36,28,31
11:22,12,31,23,29,19,28,12,18,22,31,18,31
11:23,26,27,19,28,33,21,19,35,27,31,5,24
11:24,23,31,27,29,33,33,19,34,18,19,20,35
11:25,29,25,27,44,19,7,25,29,16,36,20,52
11:26,32,28,36,29,39,25,25,16,23,36,20,52
11:27,30,50,81,39,28,25,25,8,21,28,23,27
11:28,30,30,30,39,28,29,25,11,31,26,26,27
11:29,28,19,35,31,28,57,25,33,25,26,17,31
11:30,19,22,24,31,33,20,25,28,24,34,5,23
11:31,37,37,17,23,33,32,25,20,31,34,23,30
11:32,31,28,23,34,33,32,13,21,47,39,10,38
11:33,37,32,26,34,33,28,25,23,17,34,19,32
11:34,39,18,29,34,41,5,41,25,35,36,28,41
11:35,44,9,30,21,39,5,27,9,41,18,38,30
11:36,44,37,22,31,39,32,27,14,17,31,38,32
11:37,46,7,25,31,46,32,27,42,17,39,38,25
11:38,28,26,35,28,32,32,21,24,23,39,43,20
11:39,32,37,81,39,59,39,22,20,24,28,5,34
11:40,17,24,21,39,32,16,29,33,57,46,27,34
11:41,17,33,28,43,18,11,46,30,57,79,20,85
11:42,17,38,19,43,26,32,14,24,11,21,27,41
11:43,17,29,25,11,29,19,19,24,14,21,28,20
11:44,16,5,27,57,29,19,19,28,24,31,41,63
11:45,12,35,14,57,29,38,18,20,42,26,39,24
11:46,12,31,28,67,26,22,31,13,22,26,15,22
11:47,26,42,42,16,36,25,15,26,10,34,39,29
11:48,37,32,17,52,31,26,9,30,13,19,15,35
11:49,36,31,18,25,28,10,27,26,26,26,63,18
11:50,36,30,24,31,32,28,46,47,17,18,22,18
11:51,34,32,25,15,5,22,46,31,22,18,18,23
11:52,58,46,36,34,39,26,25,9,7,20,9,26
11:53,44,38,42,31,48,33,32,5,22,21,8,23
11:54,18,34,24,31,16,23,32,29,18,17,7,23
11:55,33,38,29,28,29,29,19,25,18,17,16,28
11:56,5,20,32,39,26,41,15,11,20,26,15,28
11:57,37,31,17,59,28,43,15,19,17,26,12,20
11:58,33,20,37,25,39,29,15,31,21,26,11,19
11:59,12,57,47,36,26,35,21,21,20,26,16,19
12:00,37,42,22,31,33,33,25,30,23,34,9,22
12:01,37,31,41,26,33,30,26,22,23,31,10,26
12:02,35,30,29,34,35,30,26,51,25,28,18,23
12:03,23,40,24,34,42,34,26,24,21,24,18,23
12:04,32,38,25,28,28,28,26,24,16,26,13,23
12:05,36,34,20,34,36,33,30,24,14,26,13,27
12:06,29,33,34,34,35,32,28,24,14,26,14,30
12:07,21,33,28,31,29,32,28,20,22,26,22,16
12:08,21,32,31,33,15,30,28,20,29,36,24,28
12:09,21,33,21,17,43,25,28,5,24,36,5,28
12:10,36,47,29,26,30,25,28,17,20,36,28,53
12:11,25,49,21,17,31,28,12,5,10,36,24,27
12:12,23,32,24,26,28,23,36,18,19,36,58,24
12:13,44,25,29,67,28,33,36,9,35,26,38,30
12:14,31,30,22,67,29,31,36,20,25,26,39,27
12:15,36,34,23,21,35,20,22,32,9,21,39,30
12:16,36,15,31,43,39,36,22,27,19,20,36,28
12:17,26,32,32,31,39,15,17,6,15,15,22,28
12:18,26,32,30,28,31,62,56,8,17,36,38,32
12:19,24,23,24,24,32,36,18,26,14,21,24,32
12:20,21,38,28,21,31,28,9,29,16,31,18,14
12:21,24,73,43,34,48,39,22,20,14,22,5,27
12:22,37,37,36,39,38,38,22,29,29,22,27,25
12:23,33,29,23,47,35,31,13,20,22,22,5,25
12:24,37,32,26,67,29,35,14,22,11,24,36,28
12:25,39,29,6,31,26,22,14,20,23,36,20,28
12:26,29,29,15,31,20,21,11,44,16,36,5,27
12:27,39,19,29,31,48,28,18,25,18,36,10,27
12:28,37,32,23,36,26,27,30,40,24,36,21,27
12:29,12,28,27,31,9,35,19,57,30,36,15,27
12:30,18,24,24,26,26,18,19,38,11,36,26,27
12:31,23,26,24,47,15,33,19,22,50,17,16,23
12:32,39,16,22,52,17,15,13,18,24,18,27,30
12:33,39,31,29,26,43,19,13,29,13,20,27,22
12:34,32,37,35,21,29,31,16,20,20,20,29,33
12:35,26,29,24,14,25,31,23,25,37,25,26,23
12:36,26,31,29,28,30,31,28,10,14,31,26,25
12:37,26,28,7,59,41,36,52,44,20,36,33,28
12:38,24,39,7,59,20,24,52,46,12,36,22,28
12:39,27,41,42,34,54,33,7,46,15,36,23,28
12:40,23,40,56,34,48,30,14,46,13,36,17,24
12:41,21,27,23,34,23,30,21,46,18,36,14,21
12:42,21,13,29,31,20,30,19,46,11,36,41,43
12:43,17,25,42,31,51,30,11,24,13,31,23,31
12:44,27,34,34,31,31,30,15,24,8,31,28,27
12:45,37,38,32,43,43,33,17,24,5,34,46,30
12:46,31,23,32,31,51,26,25,24,18,19,25,31
12:47,41,25,21,28,38,33,18,13,23,22,48,26
12:48,16,20,29,36,36,37,13,7,18,31,25,36
12:49,21,20,25,36,29,37,16,13,15,31,18,27
12:50,37,20,30,34,33,31,30,35,7,9,25,24
12:51,37,35,47,31,36,36,30,42,18,18,25,26
12:52,36,42,24,31,31,35,34,43,18,24,25,15
12:53,39,34,25,28,16,31,22,12,10,24,26,25
12:54,39,36,34,26,36,26,30,33,14,26,15,25
12:55,39,15,20,31,59,29,30,34,9,18,10,11
12:56,44,17,22,24,43,21,27,27,20,18,28,39
12:57,33,20,35,31,38,33,27,31,6,47,5,43
12:58,37,14,17,39,28,27,30,42,8,47,5,29
12:59,39,22,33,36,43,35,19,18,15,47,19,39
13:00,36,16,25,29,35,27,25,23,8,47,13,31
13:01,25,31,23,33,35,27,34,35,11,17,31,20
13:02,25,28,31,34,27,33,28,34,15,18,20,5
13:03,21,24,21,34,36,31,28,29,11,21,16,22
13:04,26,20,16,31,26,27,28,35,9,31,39,6
13:05,26,20,25,28,26,31,17,42,26,27,38,25
13:06,32,42,28,36,41,32,17,35,7,28,21,26
13:07,17,12,24,34,36,37,17,32,7,28,21,30
13:08,71,32,26,31,31,39,18,27,17,29,20,35
13:09,47,38,28,22,30,35,18,28,12,20,17,31
13:10,21,29,39,24,37,32,18,51,24,21,17,28
13:11,33,33,23,39,22,37,30,11,15,21,23,25
13:12,33,5,27,47,25,37,26,19,31,17,29,25
13:13,13,13,32,31,26,32,26,27,13,17,81,32
13:14,32,28,29,39,30,37,22,19,8,19,29,33
13:15,17,20,29,19,27,43,12,20,14,11,5,33
13:16,17,15,23,31,23,43,41,7,11,11,38,25
13:17,17,20,32,31,26,43,34,29,5,26,35,25
13:18,17,23,39,31,28,28,22,26,11,13,26,31
13:19,17,32,27,31,28,22,25,20,14,28,12,28
13:20,35,33,27,36,26,47,18,23,10,34,11,29
13:21,6,35,21,28,16,29,19,18,15,34,11,30
13:22,29,38,15,28,28,24,13,18,15,9,11,30
13:23,31,38,31,39,29,22,13,20,32,42,36,8
13:24,19,34,17,39,33,30,26,39,17,42,35,22
13:25,31,24,27,29,28,25,20,19,15,42,33,22
13:26,33,22,26,29,28,26,32,33,14,42,18,31
13:27,18,31,24,31,23,29,19,31,8,42,7,33
13:28,49,31,35,25,31,21,19,35,12,20,48,30
13:29,18,19,36,47,38,45,10,13,5,47,48,32
13:30,30,33,16,19,46,40,19,19,5,47,41,59
13:31,30,45,24,25,39,40,30,9,5,24,62,37
13:32,30,20,23,25,36,40,18,40,15,22,62,36
13:33,30,40,23,25,36,40,16,25,9,29,32,31
13:34,39,29,32,39,36,37,15,12,15,22,62,30
13:35,16,19,11,36,38,37,15,41,11,5,21,30
13:36,34,19,9,36,38,29,36,24,18,5,38,32
13:37,20,30,25,24,28,26,36,12,5,31,38,27
13:38,49,28,23,21,26,28,36,33,19,31,36,27
13:39,37,25,23,36,35,32,36,19,19,31,26,34
13:40,37,13,26,29,28,31,36,17,19,38,13,25
13:41,37,23,23,36,20,31,36,12,7,38,27,24
13:42,27,10,20,6,41,30,36,19,24,38,23,27
13:43,27,10,29,22,29,50,36,27,29,29,36,22
13:44,27,7,26,34,26,19,36,75,19,31,38,31
13:45,41,28,20,43,28,19,36,75,10,31,33,24
13:46,37,31,28,47,26,15,5,20,23,25,26,23
13:47,30,35,35,18,36,26,17,45,23,20,33,36
13:48,26,32,11,29,36,23,19,26,10,56,28,36
13:49,49,35,34,31,54,29,30,38,15,43,28,13
13:50,28,25,34,36,54,28,30,33,15,5,31,13
13:51,33,63,24,36,32,73,36,33,16,5,26,27
13:52,36,16,23,36,33,47,27,17,33,29,41,29
13:53,30,27,33,29,38,35,34,63,34,31,41,34
13:54,18,21,19,25,33,32,22,43,21,15,28,30
13:55,18,12,32,29,33,38,26,33,18,29,19,36
13:56,18,35,25,29,17,34,25,37,11,20,23,28
13:57,46,33,20,34,26,26,28,45,24,34,48,33
13:58,37,50,23,36,36,35,22,19,24,28,28,28
13:59,30,41,29,15,24,21,18,18,20,21,28,28
14:00,28,26,29,31,33,32,20,27,25,13,35,32
14:01,7,14,27,34,31,26,20,20,23,13,32,40
14:02,7,25,30,34,29,23,20,38,20,13,27,30
14:03,28,24,20,34,36,31,21,38,42,43,21,24
14:04,25,30,16,29,18,29,33,21,23,31,23,26
14:05,25,26,36,29,22,29,33,38,17,31,21,28
14:06,39,18,25,29,51,26,37,15,22,31,31,25
14:07,37,33,28,29,26,28,16,21,21,23,26,25
14:08,37,34,14,26,43,34,37,49,26,23,33,29
14:09,32,47,32,34,36,39,27,27,18,23,54,16
14:10,11,23,21,34,26,34,27,32,31,31,39,15
14:11,20,36,19,34,47,32,30,38,39,34,39,24
14:12,36,30,21,34,32,23,18,31,24,34,38,24
14:13,50,17,23,47,28,34,22,6,19,5,67,24
14:14,36,21,28,28,33,30,23,12,24,22,20,26
14:15,38,33,30,36,31,34,37,16,23,34,54,41
14:16,56,20,25,43,33,34,15,16,21,34,36,47
14:17,49,32,23,43,38,30,23,16,20,34,18,47
14:18,49,32,39,39,41,37,37,17,20,29,31,33
14:19,24,11,32,36,29,35,37,18,18,26,31,12
14:20,26,33,18,24,28,22,37,35,31,22,31,29
14:21,22,45,23,34,27,40,37,12,34,21,33,35
14:22,27,32,22,31,30,39,21,30,25,14,25,35
14:23,39,36,37,34,39,21,21,21,9,14,25,27
14:24,22,27,19,43,23,41,14,24,12,21,23,28
14:25,32,46,19,43,24,21,25,24,13,31,23,21
14:26,23,34,24,43,57,36,19,35,18,31,23,37
14:27,26,25,37,29,15,26,27,31,14,25,24,35
14:28,26,29,8,7,24,19,18,19,18,7,27,35
14:29,13,19,25,7,38,20,21,29,19,31,28,21
14:30,13,24,24,28,29,20,18,34,15,31,25,49
14:31,31,27,40,34,29,32,16,24,22,23,20,49
14:32,18,21,40,34,20,44,22,23,15,24,28,22
14:33,18,23,35,34,32,23,24,29,19,21,36,22
14:34,31,40,35,31,36,33,24,21,19,21,36,22
14:35,36,22,22,31,33,23,24,7,36,21,28,22
14:36,40,31,32,36,33,28,24,13,25,15,35,26
14:37,22,30,28,24,38,28,16,24,27,20,5,24
14:38,39,9,23,17,25,26,16,19,23,20,7,24
14:39,25,30,23,31,38,35,16,14,24,20,36,38
14:40,34,30,21,34,48,17,16,14,24,20,43,38
14:41,9,30,27,34,16,37,16,14,18,20,16,27
14:42,34,34,19,34,41,39,16,20,24,29,22,30
14:43,22,31,24,39,24,44,28,10,20,34,18,28
14:44,21,28,25,24,29,34,23,32,27,50,18,26
14:45,32,41,25,39,35,37,23,13,19,24,18,26
14:46,36,34,24,36,33,33,23,32,11,24,18,24
14:47,34,44,27,26,36,29,23,17,19,13,33,26
14:48,29,25,25,20,29,32,16,25,15,22,25,28
14:49,29,42,28,27,36,33,39,25,17,17,28,33
14:50,18,20,22,29,41,31,25,25,20,21,29,30
14:51,18,35,5,34,43,29,24,18,16,28,29,26
14:52,18,34,28,34,43,23,24,9,5,28,38,34
14:53,18,27,29,28,23,27,27,28,27,26,26,34
14:54,18,14,24,31,26,32,21,30,14,24,26,34
14:55,18,34,24,31,26,30,21,22,5,24,26,20
14:56,16,31,25,31,26,24,21,22,5,15,31,14
14:57,28,34,27,43,32,50,21,15,32,8,28,24
14:58,16,33,24,36,24,5,19,11,9,10,26,19
14:59,36,42,21,7,34,43,19,20,13,7,23,28
15:00,13,39,20,23,34,21,10,26,23,26,72,34
15:01,31,34,27,23,35,24,15,22,23,26,29,9
15:02,21,34,25,23,26,34,8,21,20,26,24,28
15:03,21,24,25,29,43,45,8,24,13,5,35,28
15:04,21,33,34,26,41,19,8,16,19,5,58,51
15:05,17,20,25,34,38,28,18,10,25,8,43,37
15:06,56,44,25,52,28,28,18,21,7,19,47,16
15:07,46,34,23,34,38,34,18,29,7,10,47,28
15:08,25,15,31,26,33,30,18,22,20,10,51,27
15:09,46,28,29,26,7,22,22,56,19,21,26,26
15:10,25,26,22,29,48,31,30,14,23,15,31,21
15:11,21,38,21,34,23,28,30,20,15,29,78,32
15:12,30,39,18,20,19,21,30,6,14,10,78,18
15:13,30,25,30,31,19,30,42,6,23,16,33,24
15:14,36,15,23,29,20,26,26,15,12,16,29,22
15:15,29,35,6,36,29,25,26,23,13,16,29,28
15:16,25,27,19,22,26,26,22,20,14,16,39,27
15:17,19,42,21,39,38,23,18,5,18,18,27,27
15:18,33,31,21,28,38,28,27,12,16,25,27,29
15:19,30,31,26,17,23,27,26,19,15,31,27,39
15:20,44,32,22,36,23,32,26,10,11,31,5,39
15:21,16,31,24,36,23,30,28,25,86,31,5,26
15:22,21,35,8,36,16,23,20,25,16,14,29,40
15:23,27,33,33,43,31,35,17,20,22,23,32,32
15:24,18,28,22,43,15,31,16,33,11,85,29,20
15:25,18,24,34,36,29,23,25,8,26,43,29,25
15:26,49,33,15,36,32,19,16,26,19,43,26,31
15:27,35,32,23,36,38,19,17,34,5,43,26,12
15:28,34,32,30,36,30,28,38,17,19,43,35,27
15:29,22,34,30,36,43,30,38,16,20,36,23,28
15:30,37,27,27,36,43,16,38,11,16,21,23,16
15:31,25,11,29,34,20,39,22,11,16,34,30,31
15:32,31,17,29,34,17,39,22,5,21,20,58,110
15:33,29,21,33,43,25,39,34,21,21,5,38,52
15:34,33,23,27,36,31,31,24,17,27,36,32,39
15:35,33,19,12,29,31,28,18,29,24,20,21,23
15:36,18,21,16,29,31,19,21,5,8,24,30,30
15:37,18,13,28,13,24,30,21,7,27,28,27,29
15:38,16,15,22,8,22,30,36,19,27,26,15,30
15:39,16,12,21,22,22,37,36,24,28,29,18,15
15:40,16,19,28,8,31,28,36,24,28,36,29,14
15:41,16,6,25,26,22,30,36,24,45,26,54,14
15:42,30,22,27,26,26,24,33,32,45,34,54,14
15:43,29,46,29,29,18,29,33,33,29,34,28,14
15:44,12,59,11,36,25,28,33,33,23,68,28,31
15:45,31,24,20,40,17,44,33,36,17,68,30,31
15:46,29,29,21,40,23,22,37,32,26,28,24,29
15:47,16,45,15,40,18,25,30,22,25,28,58,29
15:48,29,33,23,26,23,23,29,22,27,28,31,29
15:49,13,11,35,34,29,44,36,34,18,28,39,38
15:50,30,40,65,29,5,29,21,25,15,28,26,28
15:51,26,26,65,29,38,27,36,28,17,43,23,36
15:52,18,8,65,52,38,35,36,23,20,39,29,34
15:53,18,28,29,52,27,29,36,35,58,39,26,34
15:54,13,15,30,52,25,34,16,25,81,15,60,23
15:55,11,22,24,24,41,26,23,36,9,31,23,26
15:56,27,42,24,24,26,29,19,13,18,52,21,26
15:57,36,33,25,25,28,39,39,11,14,52,23,47
15:58,39,24,33,29,38,45,20,24,19,52,24,30
15:59,31,26,33,15,14,30,20,24,19,31,21,30
16:00,18,27,33,29,14,26,20,5,8,22,21,32
16:01,18,27,17,39,14,48,20,28,14,29,21,25
16:02,18,37,33,31,14,15,39,30,28,29,26,23
16:03,18,33,23,18,26,32,39,16,14,29,18,27
16:04,30,33,22,18,28,40,39,29,21,36,17,37
16:05,11,21,20,24,31,33,18,28,19,36,26,32
16:06,42,5,20,43,28,29,18,33,18,34,20,35
16:07,24,28,14,25,5,28,20,32,26,34,29,31
16:08,31,28,41,36,39,29,20,32,27,9,29,24
16:09,33,9,23,43,32,34,24,32,21,16,16,26
16:10,33,27,30,25,35,37,24,32,17,36,29,28
16:11,33,29,18,31,35,30,24,32,10,36,23,35
16:12,40,40,36,31,38,50,15,32,18,36,23,28
16:13,15,35,26,39,38,30,36,44,5,34,35,35
16:14,46,19,20,31,19,30,37,32,34,34,35,35
16:15,18,27,29,28,24,26,21,32,21,28,35,33
16:16,19,25,39,28,58,26,26,31,18,25,28,29
16:17,19,26,21,28,19,25,30,26,26,25,26,9
16:18,44,29,37,50,43,32,36,39,26,31,39,9
16:19,36,32,35,47,29,20,37,40,26,31,39,10
16:20,37,29,27,21,36,25,37,20,21,43,39,20
16:21,11,28,28,31,25,32,30,40,21,20,31,27
16:22,22,30,54,16,21,32,30,40,21,20,63,47
16:23,34,28,43,16,43,16,30,40,29,15,25,29
16:24,34,34,25,39,23,33,30,32,20,26,26,8
16:25,19,35,29,39,28,31,30,49,5,26,26,22
16:26,28,43,29,26,62,28,30,35,33,17,26,25
16:27,25,43,29,26,62,24,30,35,21,17,16,24
16:28,25,43,29,26,62,29,30,35,15,36,48,36
16:29,37,19,15,34,15,35,30,16,13,15,23,36
16:30,28,9,21,26,23,17,30,17,20,13,14,36
16:31,34,8,18,33,6,31,39,46,19,13,36,29
16:32,20,24,24,27,23,5,31,46,31,9,20,28
16:33,20,20,35,27,17,36,31,20,25,9,20,28
16:34,41,22,21,27,22,32,30,34,26,15,33,31
16:35,44,32,25,18,19,31,30,51,11,43,41,18
16:36,18,34,26,36,33,23,30,51,5,8,33,26
16:37,46,30,26,36,47,17,16,5,5,8,9,20
16:38,87,27,23,24,47,15,29,24,5,22,26,19
16:39,11,27,29,15,62,28,71,13,8,24,45,19
16:40,35,20,17,15,17,21,71,25,5,24,45,19
16:41,30,20,21,28,23,31,9,29,5,9,45,51
16:42,30,27,25,20,25,30,9,18,6,9,45,51
16:43,15,43,22,26,14,29,9,24,10,9,45,51
16:44,18,20,25,29,23,29,9,24,16,9,45,51
16:45,6,20,31,28,28,29,9,24,12,9,16,51
16:46,33,18,23,21,18,26,49,39,15,9,28,29
16:47,37,18,26,34,38,28,18,39,11,14,10,23
16:48,23,18,25,12,23,29,18,39,11,16,36,25
16:49,33,49,29,28,63,30,21,7,5,19,36,28
16:50,33,24,30,34,20,34,44,39,5,15,26,22
16:51,14,38,6,5,15,30,44,13,5,17,26,27
16:52,14,39,27,21,54,26,5,14,7,17,26,28
16:53,19,19,19,21,54,26,19,21,33,34,20,11
16:54,19,19,19,12,54,30,8,5,17,27,15,11
16:55,26,19,39,34,54,33,13,5,12,25,15,20
16:56,16,13,45,43,22,25,11,6,17,31,16,23
16:57,25,5,18,47,26,28,11,6,7,31,26,17
16:58,28,33,27,36,28,21,11,6,9,31,20,17
16:59,28,26,35,47,32,28,19,19,11,7,53,36
17:00,28,26,37,47,32,23,17,26,9,21,11,12
17:01,28,32,33,14,33,28,19,18,16,19,22,9
17:02,42,32,13,34,33,35,21,17,5,16,20,20
17:03,16,32,19,17,5,25,23,10,21,16,18,19
17:04,16,26,23,31,5,28,23,25,11,16,20,17
17:05,23,26,12,24,5,31,6,13,6,16,17,17
17:06,21,26,12,24,23,31,14,15,40,38,16,17
17:07,19,26,28,24,41,27,14,29,21,5,5,21
17:08,19,26,20,28,41,23,14,16,8,5,39,28
17:09,26,35,31,21,54,25,33,19,7,36,58,53
17:10,10,18,13,24,28,24,37,6,7,52,23,25
17:11,12,15,14,36,28,28,30,22,7,43,21,15
17:12,12,26,12,31,35,28,11,22,7,43,15,15
17:13,12,29,17,22,26,29,11,12,12,31,15,24
17:14,36,7,16,34,26,26,11,33,14,10,10,28
17:15,36,13,15,50,21,26,10,33,12,28,18,13
17:16,44,22,15,50,6,24,12,23,12,20,17,14
17:17,36,12,27,50,26,51,30,23,12,25,5,13
17:18,25,11,17,24,29,30,30,5,5,28,25,13
17:19,33,19,13,34,28,22,16,20,7,28,5,26
17:20,33,5,8,28,17,5,16,20,9,25,5,31
17:21,25,13,20,24,14,25,18,15,9,31,5,9
17:22,25,28,26,36,22,27,18,9,36,21,5,19
17:23,36,23,15,39,26,35,18,20,14,13,5,22
17:24,25,23,32,39,33,35,20,5,11,16,13,18
17:25,25,13,17,68,33,22,30,16,16,28,6,34
17:26,18,17,7,68,33,27,30,5,16,20,19,19
17:27,28,33,17,31,33,16,30,11,12,20,39,19
17:28,21,37,12,31,25,31,18,14,12,20,10,19
17:29,21,29,22,27,22,26,11,5,13,20,15,19
17:30,21,56,22,43,26,31,17,9,26,31,39,42
17:31,21,21,22,29,28,28,17,7,7,5,27,36
17:32,30,19,43,22,23,22,17,7,24,28,26,28
17:33,49,16,12,33,38,28,17,5,14,28,16,33
17:34,49,21,12,19,30,27,21,17,13,28,21,20
17:35,49,31,32,26,30,35,15,13,14,16,21,28
17:36,26,13,32,19,11,27,13,8,19,17,17,28
17:37,21,5,12,16,25,29,9,19,6,20,49,28
17:38,19,10,9,16,23,26,10,19,7,24,36,24
17:39,17,24,56,21,23,29,10,17,22,31,27,17
17:40,17,24,41,21,5,11,15,13,15,21,27,19
17:41,17,11,26,22,27,30,24,6,7,16,27,22
17:42,17,14,21,22,57,30,24,15,26,29,27,29
17:43,17,22,18,22,57,30,24,5,29,29,27,18
17:44,26,16,38,25,32,26,24,14,29,29,27,18
17:45,26,24,29,25,27,6,24,10,17,29,20,18
17:46,26,5,41,27,10,26,24,13,15,29,23,28
17:47,36,5,24,31,32,28,24,8,21,24,23,28
17:48,36,5,22,59,57,34,24,5,11,24,23,9
17:49,13,20,12,59,7,26,24,27,17,24,37,32
17:50,25,13,21,24,30,26,24,22,17,24,38,34
17:51,25,20,21,24,29,28,20,13,20,34,35,34
17:52,22,66,11,31,33,22,10,26,5,31,25,25
17:53,31,34,18,23,35,28,22,35,6,31,23,29
17:54,37,11,18,29,35,7,31,21,21,21,38,31
17:55,24,16,20,5,31,7,37,19,13,24,24,27
17:56,25,22,30,5,5,25,37,30,13,24,62,59
17:57,29,32,9,5,36,20,36,22,13,26,38,59
17:58,91,26,20,23,26,29,32,35,14,26,6,59
17:59,18,54,20,23,25,20,32,24,8,26,6,78
18:00,37,54,27,31,28,26,32,11,15,25,33,54
18:01,37,54,14,18,31,25,5,13,16,25,23,27
18:02,20,31,24,34,39,28,12,35,13,15,23,18
18:03,29,28,23,26,33,22,25,45,7,25,26,25
18:04,29,34,21,21,23,29,18,15,16,26,28,25
18:05,29,34,27,21,23,38,18,17,20,12,21,39
18:06,29,34,22,21,41,38,24,17,5,11,21,12
18:07,29,34,40,24,37,25,24,11,12,19,26,23
18:08,30,52,34,31,27,26,46,17,13,31,62,28
18:09,49,60,22,59,39,30,11,5,15,31,23,28
18:10,37,60,15,25,33,36,21,22,18,29,22,34
18:11,36,60,23,28,23,27,21,32,10,29,15,23
18:12,37,31,33,26,6,27,21,16,12,28,5,23
18:13,34,29,31,34,36,30,21,19,19,5,12,23
18:14,36,24,28,39,28,39,18,27,19,6,25,27
18:15,29,24,26,34,19,30,46,31,9,20,25,28
18:16,36,25,26,47,23,30,18,24,5,21,29,9
18:17,36,18,24,22,23,33,35,24,5,26,15,30
18:18,26,11,20,28,41,40,30,33,12,36,27,24
18:19,20,25,15,28,51,44,17,33,19,24,33,13
18:20,21,24,19,29,23,29,17,12,8,42,38,27
18:21,24,32,22,26,35,34,31,8,10,31,38,22
18:22,19,32,12,15,35,34,24,22,8,31,5,17
18:23,33,38,20,26,18,32,29,20,11,25,5,26
18:24,19,19,17,20,20,24,16,35,33,25,58,26
18:25,9,34,12,21,15,22,28,29,5,18,41,22
18:26,36,36,25,29,38,21,22,20,28,25,31,27
18:27,25,28,19,29,28,30,16,20,23,13,26,31
18:28,28,31,21,36,26,38,36,31,13,18,39,23
18:29,28,32,17,36,26,22,37,35,23,34,25,30
18:30,37,15,22,22,33,33,37,5,27,34,30,29
18:31,37,5,28,47,27,33,37,6,20,18,5,26
18:32,25,29,24,47,36,49,37,7,23,59,26,61
18:33,28,39,16,47,28,22,17,18,23,59,31,28
18:34,37,36,25,22,28,22,36,19,35,47,21,28
18:35,37,25,24,22,26,22,39,18,19,26,31,40
18:36,34,33,8,34,26,22,36,17,28,34,26,40
18:37,24,20,32,29,31,25,36,33,28,34,36,40
18:38,31,14,35,7,48,48,36,33,28,26,36,24
18:39,30,38,35,12,29,48,36,44,21,26,36,22
18:40,9,10,27,12,27,22,30,33,21,24,36,8
18:41,9,10,18,12,43,29,30,33,16,15,36,33
18:42,35,35,17,12,39,39,19,27,26,31,16,31
18:43,29,35,20,12,41,39,29,32,56,39,16,25
18:44,16,13,23,36,51,37,29,19,16,39,16,17
18:45,16,13,78,44,29,24,36,19,8,26,28,8
18:46,33,39,5,34,28,24,36,47,19,23,28,28
18:47,26,39,29,28,35,32,65,35,8,33,28,15
18:48,37,51,29,22,26,19,49,35,17,24,28,15
18:49,37,41,26,26,5,39,32,20,24,19,28,15
18:50,37,21,22,5,5,22,36,12,32,24,35,28
18:51,33,32,27,25,32,30,33,13,5,26,35,17
18:52,33,15,13,18,9,19,36,13,23,18,28,22
18:53,28,33,19,22,26,26,10,13,12,18,12,26
18:54,29,28,26,21,28,29,36,13,21,34,38,35
18:55,46,41,23,31,33,32,30,35,23,34,30,35
18:56,29,31,5,16,32,36,30,35,23,26,30,35
18:57,38,18,23,34,26,17,44,43,28,26,27,35
18:58,38,28,28,39,23,24,44,43,38,26,48,18
18:59,38,28,26,85,11,29,44,21,21,11,48,27
19:00,33,17,19,34,26,7,17,13,31,6,48,25
19:01,16,20,34,34,26,37,28,49,28,22,28,46
19:02,25,31,27,21,22,28,26,28,21,34,16,5
19:03,30,30,34,20,36,23,19,35,20,34,26,22
19:04,30,26,33,24,33,23,36,31,25,26,33,22
19:05,30,32,27,44,28,15,36,23,19,25,27,22
19:06,30,40,28,38,28,13,26,19,14,26,27,35
19:07,30,67,20,34,27,35,32,5,20,20,27,35
19:08,30,23,21,25,16,32,12,5,14,19,27,39
19:09,24,37,21,25,16,29,31,5,27,22,20,27
19:10,34,37,28,31,23,33,31,5,27,24,33,27
19:11,34,37,25,29,26,8,31,25,27,48,33,27
19:12,34,21,25,23,29,28,33,5,27,48,33,27
19:13,30,33,29,19,27,26,29,23,21,24,21,5
19:14,30,7,27,25,27,21,29,40,21,24,29,5
19:15,25,54,23,34,24,35,29,40,23,25,29,24
19:16,25,5,18,36,28,17,29,32,20,25,21,33
19:17,25,5,23,28,31,29,21,34,22,25,23,25
19:18,26,40,23,26,48,30,36,13,25,20,28,26
19:19,36,51,16,26,31,30,31,21,22,39,23,27
19:20,39,18,18,26,32,26,28,35,23,59,23,25
19:21,39,50,34,26,28,26,18,23,23,36,41,29
19:22,39,42,23,26,14,25,5,22,33,31,29,29
19:23,25,33,23,12,14,25,25,26,86,31,32,29
19:24,28,34,43,39,30,21,21,20,50,31,43,23
19:25,15,33,19,39,14,29,21,19,6,29,69,31
19:26,37,44,19,39,29,32,28,27,6,29,57,31
19:27,36,16,47,33,21,26,30,28,6,21,57,31
19:28,36,21,36,16,31,28,30,20,6,21,57,27
19:29,19,26,22,16,26,28,53,35,29,19,57,27
19:30,22,26,18,16,32,28,53,19,29,19,14,10
19:31,22,38,26,16,14,40,15,5,26,12,31,14
19:32,14,32,23,15,6,13,14,24,7,12,12,34
19:33,31,10,22,31,39,33,37,25,5,8,23,34
19:34,27,31,22,5,29,33,37,20,25,8,25,34
19:35,30,27,20,28,29,37,49,32,34,34,58,31
19:36,32,23,29,34,16,31,49,13,13,34,58,31
19:37,9,20,16,29,43,25,20,48,65,22,58,30
19:38,36,27,9,29,41,5,17,48,19,22,32,26
19:39,23,16,20,29,33,32,36,48,21,34,28,24
19:40,30,16,12,29,23,31,36,40,32,34,28,33
19:41,20,24,12,29,24,28,36,20,20,29,57,35
19:42,36,22,12,34,15,30,36,40,34,29,30,29
19:43,33,24,43,34,28,27,19,57,27,29,30,31
19:44,24,12,28,22,5,24,19,30,23,5,25,38
19:45,24,12,28,36,26,28,46,44,33,23,35,22
19:46,27,12,28,29,22,25,46,44,22,23,35,22
19:47,20,28,5,31,13,24,23,20,23,14,35,22
19:48,20,28,19,29,28,31,18,20,23,21,40,27
19:49,25,28,15,26,48,22,37,28,23,21,28,54
19:50,15,28,36,85,48,22,37,33,24,26,32,32
19:51,36,20,56,43,51,34,37,33,23,29,35,31
19:52,36,27,18,18,51,47,25,33,18,29,33,31
19:53,39,31,16,26,51,47,44,33,6,34,33,22
19:54,17,31,25,31,33,35,44,32,32,21,33,32
19:55,25,31,25,29,33,20,31,21,32,21,5,43
19:56,31,31,25,29,26,25,27,28,32,26,58,27
19:57,37,20,22,47,29,59,27,28,32,26,30,27
19:58,37,20,21,47,7,34,27,24,20,26,30,18
19:59,36,42,42,33,38,31,27,16,23,26,35,29
20:00,30,29,33,67,38,70,20,21,23,26,26,31
20:01,24,20,13,67,38,29,21,20,23,22,26,26
20:02,30,32,52,67,38,29,21,12,23,29,26,24
20:03,15,27,52,29,23,28,5,27,25,26,24,27
20:04,16,6,23,29,27,32,41,32,20,36,33,33
20:05,25,16,45,21,31,28,41,22,20,20,24,33
20:06,25,20,34,31,39,26,36,16,11,20,26,33
20:07,25,39,34,28,29,29,21,25,11,20,26,33
20:08,27,31,34,34,28,29,28,27,11,20,26,33
20:09,19,5,34,34,33,31,49,36,11,20,26,33
20:10,28,11,23,34,39,25,49,36,11,20,38,7
20:11,18,20,29,34,24,21,49,36,11,20,38,23
20:12,9,31,65,10,38,31,21,21,11,20,20,29
20:13,21,11,11,15,38,30,31,21,43,26,20,22
20:14,22,20,20,29,26,30,31,13,18,22,20,31
20:15,22,53,61,13,29,33,49,13,23,43,20,32
20:16,23,24,19,13,39,8,49,14,22,47,26,35
20:17,26,16,27,34,23,22,49,14,20,36,21,10
20:18,38,16,41,31,51,29,49,14,17,23,21,27
20:19,22,76,36,18,38,27,49,40,25,23,54,30
20:20,25,22,29,43,26,28,49,23,20,26,54,27
20:21,18,22,29,50,28,27,49,33,20,26,54,27
20:22,26,40,31,36,25,35,49,30,7,26,54,27
20:23,34,27,19,39,41,34,49,30,7,8,54,27
20:24,29,14,6,39,23,34,18,5,22,8,54,27
20:25,37,14,29,36,28,15,37,5,11,8,54,43
20:26,12,14,22,36,27,43,18,5,15,8,38,24
20:27,17,39,22,17,13,28,18,30,15,8,12,28
20:28,17,7,15,24,13,28,18,20,24,26,24,28
20:29,19,25,26,22,23,15,19,20,22,26,22,35
20:30,19,35,18,22,33,15,19,13,25,26,59,29
20:31,18,38,20,22,27,20,36,32,12,26,35,33
20:32,22,20,19,26,19,25,36,16,7,26,22,28
20:33,19,36,32,26,29,33,36,5,18,24,22,22
20:34,21,28,28,36,43,29,36,10,5,31,22,6
20:35,21,20,23,36,20,29,46,33,9,31,26,31
20:36,18,14,21,36,31,28,46,24,34,34,29,14
20:37,20,10,20,25,21,24,6,5,20,34,29,26
20:38,20,27,24,28,30,34,9,9,9,34,29,20
20:39,16,46,16,28,28,27,16,5,12,16,42,15
20:40,29,41,25,22,33,28,9,11,12,25,28,20
20:41,27,37,30,34,33,35,9,19,11,20,28,17
20:42,36,20,12,39,6,12,9,7,11,9,28,14
20:43,19,46,20,34,27,34,9,5,11,29,28,29
20:44,19,46,20,34,27,28,9,5,7,29,28,27
20:45,11,46,44,34,36,31,9,10,31,29,28,34
20:46,37,43,29,43,32,36,9,12,45,36,48,29
20:47,22,49,65,36,26,28,9,5,8,36,35,12
20:48,22,21,47,21,26,25,22,11,8,22,21,22
20:49,30,20,47,21,26,25,49,32,5,27,21,22
20:50,30,41,14,34,26,29,5,33,14,14,21,22
20:51,27,46,25,34,35,34,6,13,13,14,42,20
20:52,7,28,19,29,18,27,12,13,18,14,22,20
20:53,7,22,7,29,20,31,11,23,18,14,5,27
20:54,36,63,33,29,23,29,41,23,24,14,32,17
20:55,36,25,25,24,32,27,37,25,28,40,23,23
20:56,37,22,25,24,31,31,22,48,31,34,36,35
20:57,37,19,10,22,14,25,29,40,30,29,16,16
20:58,31,5,32,43,28,12,29,49,28,31,21,23
20:59,29,18,32,23,29,27,21,49,13,31,12,55
21:00,29,18,28,26,29,17,21,28,30,31,12,55
21:01,29,49,27,31,26,30,46,28,29,28,38,55
21:02,35,28,15,24,26,64,15,16,29,28,38,55
21:03,35,28,27,31,28,32,35,16,24,31,23,29
21:04,35,32,28,25,41,28,35,20,26,11,38,38
21:05,35,34,22,31,23,23,21,10,26,11,5,19
21:06,26,18,28,18,29,28,36,35,40,34,46,33
21:07,26,33,39,57,39,24,19,35,33,31,38,33
21:08,24,20,39,57,19,21,30,9,33,31,29,33
21:09,49,49,22,22,23,26,30,38,33,25,29,33
21:10,49,49,32,36,30,26,30,17,9,26,40,10
21:11,49,42,32,36,30,26,30,33,22,26,40,20
21:12,49,36,15,36,39,29,26,6,21,31,23,32
21:13,49,32,18,34,25,36,25,19,30,47,26,50
21:14,23,32,18,34,18,29,30,49,30,47,29,30
21:15,40,42,25,26,24,29,24,35,38,21,29,26
21:16,30,58,34,47,26,41,25,24,38,36,39,30
21:17,21,32,21,47,26,27,30,24,7,36,31,30
21:18,20,18,31,47,30,43,29,24,20,36,25,30
21:19,20,14,32,28,28,23,29,40,20,36,25,30
21:20,37,14,22,5,28,28,49,29,20,36,25,30
21:21,36,14,33,34,26,30,26,29,22,22,25,31
21:22,28,14,33,34,24,26,26,28,31,14,51,25
21:23,29,14,33,26,41,19,24,28,25,28,22,25
21:24,19,10,18,34,8,26,46,26,20,43,28,11
21:25,18,20,16,18,58,35,30,33,22,43,33,31
21:26,18,17,23,29,23,22,41,32,9,19,36,22
21:27,31,17,24,47,39,77,20,19,31,36,43,26
21:28,31,40,23,56,26,77,20,32,31,36,39,23
21:29,44,38,22,56,39,77,33,32,21,36,33,27
21:30,44,38,34,25,35,28,36,40,33,31,33,35
21:31,44,36,21,16,9,28,36,40,33,26,5,35
21:32,44,50,23,25,17,24,36,40,33,22,5,31
21:33,39,20,42,31,26,34,36,16,34,31,39,33
21:34,39,48,27,26,26,34,36,16,14,24,24,15
21:35,37,48,81,28,26,26,36,16,20,24,30,27
21:36,37,20,65,28,26,26,33,16,41,36,25,39
21:37,36,28,23,28,20,27,44,16,41,29,34,39
21:38,49,28,30,15,41,27,44,16,23,34,34,29
21:39,37,28,29,22,26,27,44,16,29,34,26,8
21:40,37,16,29,22,26,32,44,31,29,34,26,8
21:41,37,23,29,22,26,7,37,31,29,59,26,64
21:42,16,23,21,22,18,8,49,31,36,47,26,64
21:43,7,23,29,20,31,8,49,19,40,52,33,56
21:44,30,23,29,20,25,8,49,19,22,59,33,44
21:45,33,20,27,34,39,54,49,17,35,20,62,42
21:46,33,37,21,34,23,28,21,17,19,27,23,42
21:47,33,37,21,34,41,31,21,17,47,28,33,22
21:48,32,49,21,47,31,33,21,33,45,28,41,65
21:49,17,17,21,16,31,33,21,33,14,28,5,11
21:50,17,17,37,16,36,32,37,31,35,34,35,32
21:51,17,31,52,16,43,33,18,29,16,34,28,42
21:52,17,31,52,16,43,33,23,19,16,16,28,42
21:53,17,31,33,16,31,37,23,35,35,15,38,35
21:54,17,38,23,16,33,26,23,35,5,15,45,35
21:55,40,40,34,36,33,74,23,24,28,15,45,35
21:56,28,32,41,36,33,31,23,24,39,15,45,35
21:57,27,28,41,34,25,31,23,39,39,15,33,35
21:58,27,28,41,26,25,28,23,35,25,15,33,35
21:59,25,16,41,31,25,33,87,31,27,79,23,35
22:00,37,39,41,38,25,33,87,39,37,79,45,35
22:01,37,40,43,38,38,33,87,45,30,56,43,45
22:02,30,40,29,38,38,32,87,45,29,43,28,52
22:03,37,40,29,38,31,45,87,38,25,43,45,52
22:04,37,36,45,38,39,35,49,40,25,43,38,32
22:05,37,31,42,38,39,52,49,40,45,43,33,32
22:06,46,35,42,38,39,43,57,40,65,43,41,32
22:07,37,49,42,38,28,45,36,40,27,36,38,45
22:08,39,33,42,38,28,29,36,40,37,44,38,28
22:09,32,30,42,38,35,42,36,40,37,44,38,30
22:10,37,31,29,38,35,46,36,40,43,34,63,52
22:11,37,31,33,31,33,36,36,40,45,43,35,43
22:12,37,54,46,26,33,38,36,40,45,28,35,43
22:13,39,29,46,36,28,31,36,40,46,36,30,39
22:14,39,33,35,36,41,37,34,30,34,36,33,37
22:15,39,33,24,26,41,37,23,27,43,36,36,45
22:16,49,34,27,52,32,45,49,38,31,36,43,40
22:17,49,34,40,52,30,38,49,38,37,36,38,45
22:18,49,34,47,52,28,38,49,38,44,36,38,49
22:19,49,34,45,29,41,32,37,38,45,43,28,43
22:20,49,38,43,29,48,25,39,38,32,26,26,56
22:21,44,38,25,26,48,40,26,38,65,26,26,56
22:22,38,38,44,34,48,36,26,38,32,26,28,56
22:23,38,38,47,34,43,28,26,22,36,26,36,56
22:24,44,38,47,34,43,49,26,28,43,26,36,56
22:25,44,38,47,34,43,49,26,41,33,26,30,26
22:26,44,38,36,47,38,28,26,24,33,26,43,26
22:27,44,38,36,47,38,36,26,26,45,26,43,29
22:28,44,38,43,31,38,42,33,40,43,36,27,29
22:29,37,31,34,31,33,42,25,40,45,42,47,29
22:30,29,32,47,33,42,30,37,40,32,42,46,29
22:31,29,24,47,29,31,54,46,40,29,42,26,28
22:32,29,92,47,29,26,28,30,40,29,42,39,76
22:33,29,49,47,29,26,35,37,40,32,28,36,30
22:34,29,29,62,29,26,35,36,40,43,29,32,41
22:35,25,29,45,29,41,32,36,40,34,39,27,36
22:36,37,29,43,29,39,32,36,40,32,39,32,36
22:37,47,29,29,29,28,28,36,23,33,39,33,36
22:38,52,29,29,52,47,44,36,49,29,39,30,45
22:39,30,29,29,39,47,33,37,50,35,39,30,27
22:40,39,29,34,34,47,33,44,48,35,47,30,27
22:41,37,38,28,34,96,35,58,38,44,44,30,27
22:42,37,38,43,34,96,32,58,35,65,36,45,39
22:43,37,52,65,34,30,53,30,35,35,28,39,39
22:44,21,52,41,34,43,30,21,35,33,28,36,39
22:45,31,47,40,26,35,28,21,35,65,28,34,45
22:46,36,34,35,59,26,54,21,33,65,39,42,40
22:47,36,41,35,59,26,28,21,46,53,39,54,45
22:48,36,41,36,36,26,32,21,46,29,34,36,38
22:49,36,37,41,36,26,32,29,42,32,34,30,49
22:50,36,34,32,36,26,31,37,36,32,34,33,27
22:51,36,35,28,26,28,26,43,27,33,36,36,52
22:52,40,35,28,26,28,26,43,28,29,36,29,43
22:53,40,48,28,26,28,26,43,42,25,36,29,31
22:54,37,41,29,26,33,26,43,32,29,36,28,43
22:55,37,40,39,26,39,26,39,49,46,36,33,38
22:56,37,36,31,26,39,26,30,49,44,43,33,64
22:57,27,36,33,26,35,26,30,49,31,31,36,40
22:58,27,32,33,26,35,47,30,25,31,31,47,28
22:59,37,26,45,26,26,25,36,24,31,31,47,28
23:00,46,26,30,52,29,31,26,38,31,29,47,31
23:01,24,33,43,34,33,35,36,38,32,29,47,31
23:02,36,36,43,34,43,39,30,38,27,61,31,31
23:03,18,38,32,39,38,33,30,36,31,61,39,31
23:04,35,42,44,33,38,33,30,36,31,61,36,44
23:05,38,49,45,33,38,26,30,40,34,61,37,44
23:06,38,31,36,33,38,26,30,40,55,31,54,31
23:07,38,31,36,67,38,59,30,40,44,26,35,31
23:08,38,31,25,67,38,45,30,20,30,26,38,45
23:09,38,31,25,67,31,31,36,28,29,26,28,45
23:10,33,24,43,67,26,36,36,38,29,33,31,45
23:11,37,66,45,29,41,31,36,37,29,33,31,45
23:12,37,40,45,29,31,31,36,49,34,33,31,45
23:13,38,46,45,29,31,31,36,49,34,33,31,40
23:14,38,46,34,29,43,31,36,49,43,36,28,59
23:15,38,46,28,29,31,40,37,49,26,31,28,39
23:16,38,30,29,29,29,43,49,49,31,59,28,35
23:17,38,26,34,29,39,37,49,49,31,43,36,35
23:18,38,49,28,36,26,35,49,25,31,38,36,35
23:19,38,32,28,36,36,35,49,25,31,38,36,30
23:20,38,32,25,36,36,35,49,32,31,26,36,26
23:21,38,32,40,67,39,50,49,32,31,26,36,26
23:22,49,32,40,47,39,28,49,32,31,26,36,26
23:23,49,32,40,47,39,56,49,35,35,26,41,26
23:24,32,32,34,47,33,40,49,40,35,26,45,32
23:25,32,34,34,31,33,38,36,41,35,26,45,32
23:26,21,34,33,31,35,31,22,41,40,43,38,52
23:27,28,34,33,31,49,31,22,20,40,34,38,30
23:28,36,30,33,31,32,31,44,49,40,43,38,31
23:29,36,33,46,39,29,39,30,49,40,31,42,31
23:30,36,33,28,34,29,35,30,49,40,31,42,31
23:31,36,32,36,34,36,35,37,49,40,31,42,29
23:32,34,49,34,43,38,27,36,49,40,52,42,48
23:33,34,49,31,34,28,37,36,49,40,52,42,32
23:34,37,49,43,34,39,37,49,49,33,52,36,31
23:35,36,49,29,34,36,38,24,26,31,36,33,36
23:36,36,49,28,31,29,38,24,23,41,36,32,37
23:37,36,49,41,31,34,44,24,29,34,36,32,37
23:38,44,49,47,39,28,41,24,42,34,36,32,37
23:39,44,42,37,36,36,36,24,49,34,36,43,37
23:40,44,42,27,36,45,30,24,49,34,36,43,37
23:41,44,42,34,34,33,39,24,49,34,36,43,37
23:42,44,42,34,34,29,29,24,49,34,34,45,37
23:43,44,40,34,34,29,59,24,30,45,34,25,31
23:44,44,40,34,34,36,50,24,30,30,34,32,28
23:45,44,39,37,36,28,50,24,28,42,34,33,37
23:46,44,46,45,59,28,50,24,45,42,34,33,52
23:47,44,46,39,59,36,27,24,35,42,52,33,50
23:48,36,46,47,59,36,30,24,42,42,52,39,41
23:49,36,46,28,59,36,30,24,42,45,36,43,41
23:50,40,46,40,59,43,52,24,42,29,34,26,32
23:51,39,38,27,59,43,52,28,42,47,29,26,31
23:52,37,32,42,59,38,52,26,25,34,39,38,40
23:53,37,33,47,42,35,45,67,65,34,29,32,40
23:54,37,39,39,42,43,46,67,38,34,29,26,36
23:55,37,24,27,36,31,39,78,31,29,31,54,37
23:56,37,23,42,36,43,38,34,40,33,31,41,52
23:57,37,39,44,36,43,38,30,38,33,42,29,45
23:58,37,39,65,29,43,30,39,68,45,28,29,35
23:59,37,28,65,48,43,27,39,68,25,28,29,35
